etykieta_oryginalna;etykieta_przezn;count;grupa_glowna
MU4;MU4;4462;M
MU11;MU11;4104;M
MU1;MU1;3818;M
MU13;MU13;3394;M
MU10;MU10;3348;M
MU3;MU3;3254;M
MU9;MU9;3122;M
MU7;MU7;2982;M
MU6;MU6;2978;M
MU8;MU8;2570;M
MU17;MU17;2416;M
MU12;MU12;2392;M
MU2;MU2;2330;M
MU16;MU16;2168;M
MU19;MU19;2124;M
1MU;1MU;2122;M
MU5;MU5;2116;M
MU21;MU21;2058;M
MU15;MU15;1806;M
1MW;1MW;1728;M
MU22;MU22;1544;M
MU20;MU20;1518;M
MU37;MU37;1362;M
MU32;MU32;1258;M
MN3;MN3;1244;M
MU14;MU14;1172;M
S6MU3;S6MU3;1134;M
S6MU9;S6MU9;1104;M
MU27;MU27;1086;M
MU18;MU18;1050;M
2MU;2MU;980;M
MU28;MU28;954;M
1MW/U;1MW/U;954;M
S6MU2;S6MU2;904;M
3MU;3MU;898;M
M2;M2;782;M
MU31;MU31;736;M
MU44;MU44;730;M
MU24;MU24;706;M
MU23;MU23;702;M
2MWU;2MWU;702;M
2MN,U;2MN,U;672;M
1MN;1MN;664;M
MU26;MU26;628;M
2MW,2U;2MW,2U;608;M
MU30;MU30;602;M
M4;M4;598;M
S7MU4;S7MU4;592;M
MU45;MU45;590;M
MU25;MU25;586;M
MU36;MU36;584;M
2MN;2MN;580;M
S7MU11;S7MU11;536;M
MN2;MN2;524;M
1MWU;1MWU;514;M
M1;M1;512;M
MU34;MU34;492;M
MU39;MU39;492;M
MU38;MU38;484;M
MN5;MN5;484;M
S5MU8;S5MU8;482;M
MU33;MU33;482;M
MN7;MN7;480;M
S6MU4;S6MU4;474;M
1MW,U;1MW,U;448;M
MU35;MU35;444;M
S6MU7;S6MU7;438;M
4M3;4M3;432;M
S7MU8;S7MU8;420;M
1MN,U;1MN,U;418;M
MN8;MN8;410;M
MU;MU;404;M
3MN;3MN;402;M
S5MU7;S5MU7;402;M
MN6;MN6;380;M
S5MU6;S5MU6;378;M
S7MU15;S7MU15;376;M
S1MU4;S1MU4;366;M
61MU;61MU;354;M
S4MU8;S4MU8;328;M
MN4;MN4;322;M
S4MU5;S4MU5;310;M
MN1;MN1;308;M
S4MU7;S4MU7;300;M
S6MU10;S6MU10;296;M
S7MU3;S7MU3;292;M
S4MU6;S4MU6;292;M
S4MU3;S4MU3;290;M
MU29;MU29;290;M
MU,US;MU,US;266;M
S6MU5;S6MU5;262;M
MU,UT;MU,UT;258;M
S7MU2;S7MU2;256;M
S5MU1;S5MU1;250;M
4MW,4U;4MW,4U;248;M
S1MU5;S1MU5;244;M
S5MU3;S5MU3;240;M
4MU;4MU;238;M
2MW;2MW;224;M
S4MU1;S4MU1;224;M
S3MU1;S3MU1;222;M
S6MU6;S6MU6;216;M
S3MU2;S3MU2;214;M
3MW;3MW;210;M
S7MU13;S7MU13;208;M
4MN,U;4MN,U;206;M
S3MU4;S3MU4;200;M
5MU;5MU;198;M
MU46;MU46;196;M
MU42;MU42;190;M
1MW,10U;1MW,10U;190;M
S3MU6;S3MU6;186;M
5M3;5M3;184;M
MW;MW;184;M
2M3;2M3;182;M
S4MU4;S4MU4;182;M
5MW,5U;5MW,5U;180;M
8MU;8MU;176;M
S6MU1;S6MU1;176;M
S7MU14;S7MU14;174;M
MU40;MU40;174;M
S7MU10;S7MU10;172;M
10MU;10MU;168;M
S5MU2;S5MU2;162;M
S5MU9;S5MU9;162;M
S7MU12;S7MU12;160;M
8MW,8U;8MW,8U;158;M
7MU;7MU;158;M
3MN,U;3MN,U;156;M
S7MU9;S7MU9;154;M
6MU;6MU;150;M
1M3;1M3;144;M
5MN,U;5MN,U;142;M
MU41;MU41;142;M
MU43;MU43;138;M
18MU;18MU;138;M
S4MU11;S4MU11;134;M
S4MU9;S4MU9;132;M
65MU;65MU;128;M
56MU;56MU;128;M
64MU;64MU;126;M
MN9;MN9;124;M
59MU;59MU;122;M
62MU;62MU;120;M
5MW;5MW;120;M
S5MU4;S5MU4;118;M
2MW,U;2MW,U;118;M
1MNU;1MNU;118;M
MN.02;MN.02;118;M
9MU;9MU;114;M
S1MN3;S1MN3;112;M
S7MU7;S7MU7;112;M
70MU;70MU;110;M
31MU;31MU;110;M
S6MU8;S6MU8;108;M
S5MU11;S5MU11;108;M
3MW,9U;3MW,9U;108;M
60MU;60MU;108;M
13MU;13MU;106;M
S3MU5;S3MU5;106;M
S4MU14;S4MU14;104;M
S1MU3;S1MU3;104;M
21MU;21MU;100;M
14MU;14MU;96;M
22MU;22MU;94;M
53MU;53MU;94;M
1MN/U;1MN/U;94;M
S7MU6;S7MU6;92;M
55MU;55MU;92;M
MU.5;MU.5;92;M
MU53;MU53;92;M
27MU;27MU;92;M
S4MU13;S4MU13;90;M
77MU;77MU;90;M
S4MU2;S4MU2;90;M
28MU;28MU;90;M
40MU;40MU;90;M
57MU;57MU;90;M
S4MU10;S4MU10;88;M
47MU;47MU;88;M
16MU;16MU;88;M
29MU;29MU;88;M
37MU;37MU;88;M
S4MU12;S4MU12;86;M
17MU;17MU;86;M
26MU;26MU;84;M
S5MU10;S5MU10;84;M
45MU;45MU;82;M
1M;1M;82;M
50MU;50MU;80;M
69MU;69MU;80;M
19MU;19MU;80;M
S3MU7;S3MU7;80;M
23MU;23MU;78;M
51MU;51MU;78;M
66MU;66MU;78;M
36MU;36MU;78;M
73MU;73MU;78;M
12MU;12MU;78;M
S2MU;S2MU;78;M
15MU;15MU;78;M
S5MU14;S5MU14;76;M
33MU;33MU;76;M
24MU;24MU;76;M
S7MU5;S7MU5;76;M
30MU;30MU;76;M
7MW,7U;7MW,7U;76;M
78MU;78MU;76;M
44MU;44MU;76;M
58MU;58MU;76;M
2MN/U;2MN/U;74;M
76MU;76MU;74;M
46MU;46MU;72;M
41MU;41MU;72;M
38MU;38MU;72;M
54MU;54MU;70;M
67MU;67MU;66;M
3M3;3M3;66;M
6MW,6U;6MW,6U;66;M
4MW;4MW;64;M
34MU;34MU;64;M
11MU;11MU;64;M
49MU;49MU;64;M
35MU;35MU;62;M
S3MU3;S3MU3;62;M
MU.04;MU.04;62;M
68MU;68MU;62;M
32MU;32MU;62;M
79MU;79MU;60;M
52MU;52MU;60;M
48MU;48MU;60;M
S5MU12;S5MU12;56;M
20MU;20MU;52;M
MN.03;MN.03;52;M
S7MU1;S7MU1;52;M
42MU;42MU;50;M
75MU;75MU;50;M
MN(MW);MN(MW);48;M
S1MU1;S1MU1;48;M
72MU;72MU;48;M
6MN;6MN;48;M
S1MU7;S1MU7;48;M
74MU;74MU;48;M
S5MU13;S5MU13;48;M
71MU;71MU;46;M
43MU;43MU;44;M
25MU;25MU;34;M
63MU;63MU;32;M
MN;MN;32;M
4MN;4MN;32;M
2MW/U;2MW/U;32;M
39MU;39MU;30;M
S1MN2;S1MN2;30;M
MNU;MNU;16;M
5MN;5MN;16;M
1KD;1KD;4048;K
D6;D6;2998;K
D12;D12;2536;K
D9;D9;2502;K
D5;D5;2324;K
D26;D26;2190;K
D2;D2;2120;K
D1;D1;2062;K
D11;D11;2060;K
D4;D4;1952;K
G1;G1;1788;K
D8;D8;1784;K
D3;D3;1738;K
D14;D14;1718;K
D13;D13;1678;K
D7;D7;1654;K
D10;D10;1622;K
KT1;KT1;1404;K
D15;D15;1248;K
D20;D20;1224;K
D17;D17;1168;K
1KP;1KP;1066;K
D23;D23;1042;K
1KDD;1KDD;982;K
7KD;7KD;928;K
D18;D18;862;K
D19;D19;820;K
5KD;5KD;814;K
4KD;4KD;738;K
2KD;2KD;736;K
D37;D37;714;K
D24;D24;712;K
3KD;3KD;676;K
D16;D16;588;K
2KDW;2KDW;586;K
D36;D36;566;K
2KDD;2KDD;550;K
S5KP3;S5KP3;550;K
S4D7;S4D7;548;K
D25;D25;546;K
1KDW;1KDW;536;K
S4D5;S4D5;528;K
D31;D31;526;K
D27;D27;484;K
D30;D30;478;K
6KD;6KD;452;K
KS1;KS1;442;K
D21;D21;438;K
D22;D22;430;K
D34;D34;430;K
S5KP4;S5KP4;414;K
S4KP3;S4KP3;412;K
D35;D35;400;K
KD;KD;372;K
D38;D38;364;K
4KDW;4KDW;358;K
1KPJ;1KPJ;336;K
1KDL;1KDL;334;K
2D15;2D15;330;K
S7D3;S7D3;310;K
D39;D39;304;K
KP2;KP2;302;K
S7D1;S7D1;298;K
1KDZ;1KDZ;292;K
S4D8;S4D8;290;K
4D15;4D15;288;K
S4D4;S4D4;284;K
S7D11;S7D11;282;K
D47;D47;282;K
KW1;KW1;282;K
S5D1;S5D1;264;K
D32;D32;264;K
S7D7;S7D7;250;K
D 15;D 15;220;K
6D12;6D12;216;K
5D12;5D12;216;K
S6D3;S6D3;208;K
S1D4;S1D4;208;K
S1D6;S1D6;204;K
S4D9;S4D9;202;K
S6D1;S6D1;202;K
S4KP2;S4KP2;200;K
D33;D33;198;K
3KDD;3KDD;188;K
S4D3;S4D3;186;K
S1D2;S1D2;184;K
1KDS;1KDS;184;K
S4D1;S4D1;182;K
S5D4;S5D4;178;K
S6KP2;S6KP2;174;K
3D12;3D12;174;K
S5KP2;S5KP2;168;K
S1D3;S1D3;166;K
4KDL;4KDL;164;K
KW.X.03;KW.X.03;164;K
1KDJ;1KDJ;160;K
S4D2;S4D2;160;K
S4D11;S4D11;156;K
S7D2;S7D2;154;K
S7D9;S7D9;154;K
S4KP5;S4KP5;148;K
D28;D28;148;K
D29;D29;148;K
D45;D45;146;K
8D15;8D15;146;K
S6D2;S6D2;144;K
S7D10;S7D10;144;K
S7D5;S7D5;144;K
KP1;KP1;142;K
8KD;8KD;134;K
S2D3;S2D3;132;K
3KDW;3KDW;130;K
S7D13;S7D13;122;K
S4D6;S4D6;120;K
S5D6;S5D6;116;K
4KPJ;4KPJ;112;K
KD.D.01;KD.D.01;110;K
S7KP1;S7KP1;106;K
KDJ;KDJ;106;K
S3KP;S3KP;96;K
1D15;1D15;96;K
S3D1;S3D1;94;K
S2D2;S2D2;92;K
9D15;9D15;92;K
1KDGP;1KDGP;92;K
3KPJ;3KPJ;88;K
S1KS;S1KS;88;K
S2D1;S2D1;86;K
2KPJ;2KPJ;80;K
7D15;7D15;78;K
1KPR;1KPR;74;K
5KDW;5KDW;74;K
S4D10;S4D10;70;K
7D12;7D12;66;K
D40;D40;64;K
5KPJ;5KPJ;64;K
KD.D.02;KD.D.02;62;K
2KDL;2KDL;60;K
1KS;1KS;58;K
S1D1;S1D1;58;K
D;D;56;K
S5D3;S5D3;52;K
KD.Z.04;KD.Z.04;48;K
S4KP4;S4KP4;48;K
D 12;D 12;48;K
S7D4;S7D4;46;K
S7D12;S7D12;46;K
2KS;2KS;44;K
2KP;2KP;40;K
S5D2;S5D2;36;K
Da10;Da10;32;K
S4KP1;S4KP1;32;K
KT2;KT2;32;K
1K;1K;32;K
18KDW;18KDW;32;K
3KP;3KP;28;K
3KDL;3KDL;28;K
D48;D48;20;K
KP;KP;18;K
3KD6;3KD6;16;K
1KD12;1KD12;16;K
D10/1x5/;D10/1x5/;16;K
2KDS;2KDS;14;K
S2CP1;S2CP1;48;K
1CPJ;1CPJ;46;K
1CP;1CP;14;K
Z1;Z1;2460;Z
ZP1;ZP1;1400;Z
ZI2;ZI2;1186;Z
Z2;Z2;1086;Z
Z9;Z9;1038;Z
1ZP;1ZP;942;Z
ZN2;ZN2;932;Z
ZI1;ZI1;884;Z
ZN1;ZN1;788;Z
ZN3;ZN3;704;Z
Z8;Z8;604;Z
ZD1;ZD1;592;Z
ZN6;ZN6;492;Z
1ZU;1ZU;462;Z
2ZP;2ZP;452;Z
Z7;Z7;428;Z
ZN5;ZN5;420;Z
Z3;Z3;420;Z
ZD2;ZD2;414;Z
6ZP;6ZP;386;Z
Z5;Z5;340;Z
ZI3;ZI3;288;Z
1ZI;1ZI;286;Z
Z4;Z4;268;Z
ZN4;ZN4;240;Z
S7ZE1;S7ZE1;234;Z
S5ZP1,KP1,US20;S5ZP1,KP1,US20;212;Z
S2ZP1;S2ZP1;184;Z
3ZN;3ZN;182;Z
ZD4;ZD4;178;Z
3ZP;3ZP;178;Z
4ZU;4ZU;170;Z
S5ZP2;S5ZP2;170;Z
S7ZO1;S7ZO1;166;Z
S6ZP1;S6ZP1;156;Z
Z6;Z6;142;Z
S4ZP1;S4ZP1;126;Z
2ZL;2ZL;126;Z
S2ZP3;S2ZP3;120;Z
ZI;ZI;110;Z
ZP3;ZP3;104;Z
ZP4;ZP4;102;Z
ZD3;ZD3;94;Z
S5ZI2;S5ZI2;94;Z
S3ZP;S3ZP;90;Z
S2ZP4;S2ZP4;88;Z
1Zn;1Zn;86;Z
ZP2;ZP2;86;Z
S5ZP3;S5ZP3;82;Z
1ZL;1ZL;80;Z
ZN8;ZN8;80;Z
S5ZI3;S5ZI3;78;Z
S4ZP2;S4ZP2;76;Z
1ZZ/ZU;1ZZ/ZU;74;Z
S2ZP2;S2ZP2;74;Z
3ZI;3ZI;72;Z
S7ZI1,KP2;S7ZI1,KP2;70;Z
4ZI;4ZI;62;Z
ZL1;ZL1;62;Z
ZZ;ZZ;60;Z
S5ZO1;S5ZO1;60;Z
ZP;ZP;60;Z
S7ZP1;S7ZP1;58;Z
2Zn;2Zn;56;Z
2ZD;2ZD;50;Z
S5ZI1;S5ZI1;50;Z
4ZP;4ZP;48;Z
1ZN;1ZN;48;Z
1ZD;1ZD;48;Z
5ZN;5ZN;48;Z
3ZU;3ZU;48;Z
2ZU;2ZU;46;Z
7ZP;7ZP;46;Z
2ZI;2ZI;44;Z
9ZP;9ZP;44;Z
5ZP;5ZP;42;Z
S5ZI4;S5ZI4;36;Z
8ZP;8ZP;24;Z
ZI5;ZI5;18;Z
ZN.03;ZN.03;16;Z
30ZN;30ZN;16;Z
US3;US3;2258;U
US5;US5;1984;U
US2;US2;1346;U
US4;US4;1322;U
US1;US1;1074;U
US14;US14;960;U
UKs1;UKs1;882;U
US8;US8;806;U
S6US7;S6US7;722;U
1U;1U;672;U
S5US2;S5US2;532;U
US6;US6;510;U
US7;US7;450;U
US15;US15;438;U
3U;3U;434;U
1US;1US;422;U
US9;US9;418;U
US10;US10;412;U
1U,P;1U,P;394;U
S6US6;S6US6;390;U
S6US1;S6US1;388;U
US12;US12;384;U
1UP;1UP;370;U
S5US15;S5US15;368;U
2U;2U;310;U
S6US12;S6US12;280;U
S5US3;S5US3;278;U
US;US;272;U
S1US2;S1US2;270;U
S7US2;S7US2;270;U
S1UT2;S1UT2;248;U
S4US7;S4US7;240;U
US11;US11;238;U
S2UT3;S2UT3;234;U
S1US4;S1US4;232;U
1UE-US-UK;1UE-US-UK;230;U
S2US1;S2US1;226;U
S4US4;S4US4;220;U
S1UT1;S1UT1;212;U
S6US13;S6US13;210;U
S3US5;S3US5;208;U
UT2;UT2;186;U
S2UT1;S2UT1;184;U
S5US4;S5US4;178;U
S6US5;S6US5;176;U
S5US11;S5US11;174;U
US19;US19;172;U
US17;US17;164;U
S3US3;S3US3;156;U
S5UKs1;S5UKs1;146;U
S7US4;S7US4;144;U
S6UKs1;S6UKs1;144;U
2UP;2UP;140;U
S7US8;S7US8;140;U
1U/MW;1U/MW;138;U
UZ1;UZ1;134;U
S2UT4;S2UT4;134;U
S6US2;S6US2;126;U
S5US8;S5US8;126;U
US18;US18;126;U
S4US5;S4US5;124;U
S6US8;S6US8;124;U
S3US8;S3US8;122;U
S4US2;S4US2;120;U
S3US2;S3US2;116;U
S5US12;S5US12;112;U
S6US14;S6US14;112;U
US22;US22;110;U
S6US11;S6US11;108;U
S5UKs3;S5UKs3;108;U
S6US9;S6US9;106;U
2U/MW;2U/MW;106;U
US21;US21;106;U
S7US6;S7US6;102;U
S5UKs2;S5UKs2;98;U
S3US6;S3US6;98;U
S4US1;S4US1;98;U
S5US14;S5US14;96;U
S3US1;S3US1;96;U
S3US4;S3US4;96;U
5U,MW;5U,MW;96;U
S6US4;S6US4;94;U
UU.01;UU.01;94;U
S5US17;S5US17;92;U
S3US7;S3US7;92;U
S4UKs;S4UKs;92;U
US20;US20;92;U
US6,MU52;US6,MU52;90;U
US13;US13;90;U
S2US2;S2US2;88;U
S2US4;S2US4;82;U
S7US1;S7US1;80;U
US1,KS1;US1,KS1;80;U
S1US1;S1US1;80;U
S7US3;S7US3;80;U
S6US3;S6US3;78;U
S5US1;S5US1;78;U
1UKS;1UKS;78;U
S7US9;S7US9;76;U
S5US16;S5US16;76;U
S2UT2;S2UT2;72;U
S4US8;S4US8;72;U
U2;U2;72;U
S5US9;S5US9;70;U
S1US3;S1US3;66;U
1U,MW;1U,MW;64;U
S4UK,UT;S4UK,UT;64;U
4U;4U;62;U
S5US18;S5US18;62;U
S2UK;S2UK;60;U
S2US3;S2US3;60;U
U1;U1;56;U
1UT;1UT;54;U
S4US3;S4US3;50;U
S7US7;S7US7;48;U
S5US13;S5US13;48;U
UT4;UT4;46;U
UKs2;UKs2;44;U
2U,MW;2U,MW;38;U
S4US6;S4US6;38;U
S5UK1;S5UK1;32;U
2US;2US;32;U
UTP;UTP;30;U
4U,MW;4U,MW;26;U
3US;3US;16;U
1UC/U;1UC/U;14;U
3U,MW;3U,MW;14;U
E7;E7;1956;I
E 7;E 7;794;I
EE1;EE1;332;I
EE2;EE2;250;I
EE;EE;234;I
EE4;EE4;218;I
EE3;EE3;216;I
EE6;EE6;162;I
EE5;EE5;158;I
EE7;EE7;156;I
EE8;EE8;140;I
EE16;EE16;112;I
1IE;1IE;96;I
EE13;EE13;84;I
1ITG;1ITG;84;I
EE18;EE18;84;I
S5EE1;S5EE1;76;I
EC1;EC1;72;I
S5EG1;S5EG1;70;I
EE15;EE15;66;I
S4EE1;S4EE1;64;I
1E;1E;60;I
EE9;EE9;60;I
1ITE;1ITE;60;I
1IC;1IC;56;I
2IC;2IC;54;I
EE14;EE14;48;I
S6EE1;S6EE1;46;I
EE17;EE17;46;I
EE12;EE12;44;I
S5EE2;S5EE2;36;I
EE11;EE11;30;I
1IT-EE;1IT-EE;30;I
7IT-EE;7IT-EE;28;I
EG1;EG1;28;I
1IT;1IT;26;I
5IT-EE;5IT-EE;16;I
4IT-EE;4IT-EE;16;I
6IT-EE;6IT-EE;16;I
64EE;64EE;16;I
EE10;EE10;16;I
S4EE2;S4EE2;16;I
2IT-EE;2IT-EE;14;I
3IT-EE;3IT-EE;14;I
8IT-EE;8IT-EE;14;I
PU1;PU1;1794;P
PU2;PU2;1322;P
1PU;1PU;1012;P
PU3;PU3;1010;P
PU4;PU4;690;P
P;P;634;P
PU10;PU10;492;P
PU11;PU11;468;P
P2;P2;458;P
S2PR;S2PR;398;P
P3;P3;396;P
PU8;PU8;352;P
S1P1;S1P1;338;P
PU5;PU5;336;P
PU7;PU7;298;P
S6P1;S6P1;234;P
PU9;PU9;216;P
P1;P1;186;P
2PU;2PU;172;P
P8;P8;128;P
1PS;1PS;122;P
PU6;PU6;122;P
P15;P15;112;P
S5P1;S5P1;96;P
P11;P11;94;P
P14;P14;92;P
P16;P16;92;P
P4;P4;90;P
S2P1;S2P1;88;P
P7;P7;84;P
P9;P9;66;P
P6;P6;64;P
S7P1;S7P1;64;P
P12;P12;62;P
P5;P5;58;P
3PU;3PU;56;P
P10;P10;54;P
1PJ;1PJ;48;P
P13;P13;48;P
1P/U;1P/U;44;P
L1;L1;1584;L
L7;L7;720;L
12L20;12L20;712;L
L2;L2;698;L
L12;L12;694;L
LS1;LS1;524;L
L3;L3;520;L
L11;L11;496;L
LS2;LS2;464;L
L5;L5;394;L
L8;L8;320;L
L9;L9;282;L
L6;L6;222;L
L4;L4;198;L
L 25;L 25;196;L
11L20;11L20;178;L
10L20;10L20;172;L
WO1;WO1;846;W
WO2;WO2;810;W
WO6;WO6;586;W
WO3;WO3;426;W
WO4;WO4;378;W
WO5;WO5;228;W
S3W3;S3W3;190;W
1WW;1WW;120;W
S3W1;S3W1;114;W
S2W1;S2W1;100;W
WW1;WW1;80;W
S3W2;S3W2;58;W
1WS;1WS;48;W
WW2;WW2;48;W
1W-K;1W-K;46;W
WS.01;WS.01;16;W
1W;1W;16;W
1WP;1WP;14;W
ZC1;ZC1;574;C
1RP;1RP;492;R
NOp1;NOp1;280;IK
NOp2;NOp2;150;IK
1NO;1NO;144;IK
S4NO;S4NO;72;IK
S1NO1;S1NO1;64;IK
NOp;NOp;36;IK
NOp3;NOp3;28;IK
S1NO2;S1NO2;28;IK
2NO;2NO;22;IK
